Demand,SolarPV,Wind
5.54268,0.592,0.592
7.00128,0.634,0.545
7.58472,0.655,0.548
6.51508,0.575,0.562
4.862,0.465,0.582
4.08408,0,0.723
