,case,filename,demand_annual_kWh,demand_peak_kW,demand_annual_supplied_kWh,national_grid_reliability,national_grid_total_blackout_duration,national_grid_number_of_blackouts,capacity_pv_kWp,capacity_storage_kWh,capacity_genset_kW,capacity_pcoupling_kW,res_share,consumption_fuel_annual,consumption_main_grid_annual,feedin_main_grid_annual,annuity_pv,annuity_storage,annuity_genset,annuity_pcoupling,annuity_grid_extension,annuity_project_fix,annuity_operational,expenditures_fuel_annual,expenditures_main_grid_consumption_annual,revenue_main_grid_feedin_annual,costs_pv,costs_storage,costs_genset,costs_pcoupling,costs_grid_extension,costs_project_fix,costs_operation,expenditures_fuel_total,expenditures_main_grid_consumption_total,revenue_main_grid_feedin_total,annuity,npv,lcoe,objective_value,simulation_time
0,base_oem,results_base_oem,188273.8839,59.109,188273.8839,,,,73.1849,40.18519,41.52458,0,0.45328,311917.96122,,,9673.93464,7589.19201,3977.79173,0.0,0,2208.1817,2367.45733,62383.59224,,,72258.9094,56687.04184,29711.8911,0.0,0.0,16493.88872,17683.58907,465970.72536,,,88200.14965,658806.04549,0.46847,85991.96795,0.38711
1,interconnected_buy,results_interconnected_buy,188273.8839,59.109,188273.8839,0.98094,167.0,80.0,73.25,41.0,41.75,60,1.0,0.0,104771.95605,,9682.53961,7743.07254,3999.38554,5119.63608,20581.81701,2208.1817,-6438.01313,0.0,20954.39121,,72323.18373,57836.44382,29873.18483,38240.83309,153734.72181,16493.88872,-48088.37613,0.0,156517.64382,,63851.01056,476931.5237,0.33914,14516.37808,0.37802
2,interconnected_buysell,results_interconnected_buysell,188273.8839,59.109,188273.8839,0.98094,167.0,80.0,73.5,42.0,42.0,60,1.0,0.0,104460.08895,53766.49634,9715.58582,7931.92797,4023.33396,5119.63608,20581.81701,2208.1817,-0.0,0.0,20892.01779,6451.97956,72570.02053,59247.08879,30052.06618,38240.83309,153734.72181,16493.88872,-0.0,0.0,156051.74909,48192.69759,64020.52076,478197.67063,0.34004,14440.03823,0.12898
3,oem_grid_tied_mg,results_oem_grid_tied_mg,188273.8839,59.109,188273.8839,0.98094,167.0,80.0,119.59342,-0.0,0.0,59.109,1.0,-0.0,115286.98634,145331.32865,15808.43704,-0.0,0.0,5043.60949,20581.81701,2208.1817,-454.28233,-0.0,23057.39727,17439.75944,118080.22927,-0.0,0.0,37672.95672,153734.72181,16493.88872,-3393.23626,-0.0,172225.92902,130265.29995,48805.40073,364549.18934,0.25923,20971.79254,66.59467
